CASE_ID,ACCIDENT_YEAR,PROC_DATE,JURIS,COLLISION_DATE,COLLISION_TIME,OFFICER_ID,REPORTING_DISTRICT,DAY_OF_WEEK,CHP_SHIFT,POPULATION,CNTY_CITY_LOC,SPECIAL_COND,BEAT_TYPE,CHP_BEAT_TYPE,CITY_DIVISION_LAPD,CHP_BEAT_CLASS,BEAT_NUMBER,PRIMARY_RD,SECONDARY_RD,DISTANCE,DIRECTION,INTERSECTION,WEATHER_1,WEATHER_2,STATE_HWY_IND,CALTRANS_COUNTY,CALTRANS_DISTRICT,STATE_ROUTE,ROUTE_SUFFIX,POSTMILE_PREFIX,POSTMILE,LOCATION_TYPE,RAMP_INTERSECTION,SIDE_OF_HWY,TOW_AWAY,COLLISION_SEVERITY,NUMBER_KILLED,NUMBER_INJURED,PARTY_COUNT,PRIMARY_COLL_FACTOR,PCF_CODE_OF_VIOL,PCF_VIOL_CATEGORY,PCF_VIOLATION,PCF_VIOL_SUBSECTION,HIT_AND_RUN,TYPE_OF_COLLISION,MVIW,PED_ACTION,ROAD_SURFACE,ROAD_COND_1,ROAD_COND_2,LIGHTING,CONTROL_DEVICE,CHP_ROAD_TYPE,PEDESTRIAN_ACCIDENT,BICYCLE_ACCIDENT,MOTORCYCLE_ACCIDENT,TRUCK_ACCIDENT,NOT_PRIVATE_PROPERTY,ALCOHOL_INVOLVED,STWD_VEHTYPE_AT_FAULT,CHP_VEHTYPE_AT_FAULT,COUNT_SEVERE_INJ,COUNT_VISIBLE_INJ,COUNT_COMPLAINT_PAIN,COUNT_PED_KILLED,COUNT_PED_INJURED,COUNT_BICYCLIST_KILLED,COUNT_BICYCLIST_INJURED,COUNT_MC_KILLED,COUNT_MC_INJURED,PRIMARY_RAMP,SECONDARY_RAMP,LATITUDE,LONGITUDE,COUNTY,CITY,POINT_X,POINT_Y
6408656,2014,2014-06-11,0705,2014-01-15,1710,E138,,3,5,3,0705,0,0,0,,0,010,"ASHBURY AV","LYNN AV",0.00,,Y,A,-,N,,,,,,,,,,N,4,0,1,2,A,-,08,22107,,N,C,G,A,A,H,-,A,D,0,,Y,,,Y,,A,07,0,0,1,0,0,0,1,0,0,"- ","- ",,,"CONTRA COSTA","EL CERRITO",-122.29266986,37.900229959999997
6487206,2014,2014-07-28,0705,2014-05-02,1536,E191,PATRO,5,5,3,0705,0,0,0,,0,012,"COLUSA AV","COLUSA AV 540",13.00,W,N,A,-,N,,,,,,,,,,N,3,0,1,2,A,-,11,21954,A,N,A,B,D,A,H,-,A,D,0,Y,,,,Y,,N,60,0,1,0,0,1,0,0,0,0,"- ","- ",,,"CONTRA COSTA","EL CERRITO",,
6492365,2014,2014-07-21,0705,2014-04-16,0740,117,TRAFF,3,5,3,0705,0,0,0,,0,011,"KEY BL","KNOTT AV",615.00,N,N,A,-,N,,,,,,,,,,N,3,0,1,3,A,-,"- ",,,N,C,G,A,A,H,-,A,D,0,,Y,,,Y,,A,01,0,1,0,0,0,0,1,0,0,"- ","- ",,,"CONTRA COSTA","EL CERRITO",-122.31897309,37.928614320000001
6499011,2014,2015-10-23,0705,2014-04-19,2110,E147,,6,5,3,0705,0,0,0,,0,010,"FAIRMONT AV","KEARNEY ST",113.00,E,N,A,-,N,,,,,,,,,,N,3,0,1,2,A,-,10,21950,A,F,A,B,B,A,H,-,C,D,0,Y,,,,Y,,A,01,0,1,0,0,1,0,0,0,0,"- ","- ",,,"CONTRA COSTA","EL CERRITO",-122.30125599,37.901024669999998
6503588,2014,2016-03-30,0705,2014-04-14,2119,E138,,1,5,3,0705,0,0,0,,0,011,"RT 123","WALDO AV",10.00,N,N,C,-,Y,CC,4,123,-,-,0.840,I,5,N,N,3,0,1,2,A,-,10,21950,A,N,G,B,B,B,H,-,C,D,0,Y,,,,Y,Y,A,01,0,1,0,0,1,0,0,0,0,"- ","- ",,,"CONTRA COSTA","EL CERRITO",-122.30723457000001,37.909310470000001
6503591,2014,2016-03-30,0705,2014-04-07,1753,E184,BAY,1,5,3,0705,0,0,0,,0,010,"RT 123","FAIRMONT AV",0.00,,Y,A,-,Y,CC,4,123,-,-,0.180,I,5,N,N,4,0,1,2,A,-,10,21950,A,N,G,B,B,A,H,-,A,A,0,Y,,,,Y,,A,01,0,0,1,0,1,0,0,0,0,"- ","- ",,,"CONTRA COSTA","EL CERRITO",-122.30256645999999,37.900611490000003
6503592,2014,2016-03-30,0705,2014-04-25,1628,E181,PATRO,5,5,3,0705,0,0,0,,0,010,"RT 123","SOUTH PROLONGATION OF CARLSON BL",249.00,S,N,B,-,Y,CC,4,123,-,-,0.010,H,-,N,N,4,0,1,2,A,-,11,21954,A,N,G,B,D,A,H,-,A,D,0,Y,,,,Y,,N,60,0,0,1,0,1,0,0,0,0,"- ","- ",,,"CONTRA COSTA","EL CERRITO",-122.30159475000001,37.898515830000001
6506327,2014,2014-07-18,0705,2014-04-03,1100,117,TRAFF,4,5,3,0705,0,0,0,,0,012,"TULARE AV","JORDAN AV",0.00,,Y,A,B,N,,,,,,,,,,N,3,0,1,2,A,-,09,21800,B,N,D,G,A,A,H,-,A,D,0,,Y,,,Y,,L,04,0,1,0,0,0,0,1,0,0,"- ","- ",,,"CONTRA COSTA","EL CERRITO",-122.31394998,37.931299989999999
6506460,2014,2014-07-18,0705,2014-04-23,1655,134,,3,5,3,0705,0,0,0,,0,011,"SAN PABLO AV","OHIO AV",270.00,N,N,A,-,N,,,,,,,,,,N,3,0,1,2,A,-,05,21651,B,N,D,G,A,A,H,-,A,D,0,,Y,,,Y,,L,04,0,1,0,0,0,0,1,0,0,"- ","- ",,,"CONTRA COSTA","EL CERRITO",-122.32232999999999,37.930802030000002
6542728,2014,2014-08-20,0705,2014-06-06,0830,E188,,5,5,3,0705,0,0,0,,0,012,"MADERA DR","ARLINGTON BL",187.00,W,N,B,-,N,,,,,,,,,,N,2,0,1,2,A,-,"- ",,,N,G,B,D,A,H,-,A,D,0,Y,,,,Y,,N,60,1,0,0,0,1,0,0,0,0,"- ","- ",,,"CONTRA COSTA","EL CERRITO",-122.29891166,37.92873728
6570187,2014,2014-08-26,0705,2014-06-05,1215,E191,,4,5,3,0705,0,0,0,,0,010,"STOCKTON AV","OHLONE GREENWAY",0.00,,Y,A,-,N,,,,,,,,,,N,2,0,1,2,A,-,12,22450,A,N,A,G,A,A,H,-,A,A,0,,Y,,,Y,,L,04,1,0,0,0,0,0,1,0,0,"- ","- ",,,"CONTRA COSTA","EL CERRITO",-122.30380744,37.908711109999999
6570191,2014,2014-08-26,0705,2014-06-10,1536,E191,,2,5,3,0705,0,0,0,,0,011,"POTRERO AV","55TH ST",72.00,S,N,A,-,N,,,,,,,,,,N,4,0,1,2,A,-,08,22100,B,N,B,G,A,A,H,-,A,A,0,,Y,,,Y,,L,04,0,0,1,0,0,0,1,0,0,"- ","- ",,,"CONTRA COSTA","EL CERRITO",-122.31838,37.92089
6570195,2014,2014-08-26,0705,2014-06-06,1422,E189,,5,5,3,0705,0,0,0,,0,010,"ARLINGTON BL","SCENIC ST",0.00,,Y,A,-,N,,,,,,,,,,N,3,0,1,2,A,-,08,22107,,N,B,G,A,A,H,-,A,A,0,,Y,,,Y,,A,01,0,1,0,0,0,0,1,0,0,"- ","- ",,,"CONTRA COSTA","EL CERRITO",-122.30683992,37.93073991
6579000,2014,2016-03-30,0705,2014-06-30,1235,117,TRAFF,1,5,3,0705,0,0,0,,0,010,"RT 123","CARLSON BL",0.00,,Y,A,B,Y,CC,4,123,-,-,0.060,I,6,N,N,3,0,1,2,A,-,12,21453,A,N,D,G,A,A,H,-,A,A,0,,Y,,,Y,,L,04,0,1,0,0,0,0,1,0,0,"- ","- ",,,"CONTRA COSTA","EL CERRITO",-122.30190702,37.89911713
6642621,2014,2016-05-14,0705,2014-09-04,2002,E130,RCHMD,4,5,3,0705,0,0,0,,0,010,"SAN PABLO AV","FAIRMOUNT AV",16.00,N,N,A,-,Y,CC,4,123,-,-,0.180,I,5,N,N,4,0,1,2,A,-,08,22107,,N,G,B,C,A,H,-,C,A,0,Y,,,,Y,,A,07,0,0,1,0,1,0,0,0,0,"- ","- ",,,"CONTRA COSTA","EL CERRITO",-122.30256645999999,37.900611490000003
6644963,2014,2016-05-28,0705,2014-08-10,1337,E181,PATRO,7,5,3,0705,0,0,0,,0,010,"RT 123","SANTA CRUZ AV",13.00,S,N,A,-,Y,CC,4,123,-,-,0.840,I,5,S,N,4,0,1,2,A,-,05,21650,1,N,B,G,A,A,H,-,A,D,0,,Y,,,Y,,L,04,0,0,1,0,0,0,1,0,0,"- ","- ",,,"CONTRA COSTA","EL CERRITO",-122.30723457000001,37.909310470000001
6665770,2014,2016-06-18,0705,2014-10-04,2003,E183,0705,6,5,3,0705,0,0,0,,0,011,"SAN PABLO AV","PORTOLA DR",3.60,N,N,A,-,Y,CC,4,123,-,-,1.110,I,5,N,Y,2,0,1,2,A,-,01,23153,A,N,G,B,B,A,H,-,C,D,0,Y,,,,Y,Y,D,22,1,0,0,0,1,0,0,0,0,"- ","- ",,,"CONTRA COSTA","EL CERRITO",-122.30951220999999,37.912664960000001
6692966,2014,2016-05-28,0705,2014-09-22,1149,117,TRAFF,1,5,3,0705,0,0,0,,0,011,"RT 123","HILL ST",196.00,S,N,A,-,Y,CC,4,123,-,-,2.030,H,-,N,N,3,0,1,2,A,-,11,21950,B,N,G,B,D,A,H,-,A,D,0,Y,,,,Y,,N,60,0,1,0,0,1,0,0,0,0,"- ","- ",,,"CONTRA COSTA","EL CERRITO",-122.31775258,37.924397560000003
6716396,2014,2015-01-06,0705,2014-10-18,1000,E191,PATRO,6,5,3,0705,0,0,0,,0,011,"SCHMIDT LN","OHLONE GREENWAY",0.00,,Y,A,-,N,,,,,,,,,,N,3,0,1,2,A,-,12,22450,A,N,D,G,A,A,H,-,A,A,0,,Y,,,Y,,L,04,0,1,0,0,0,0,1,0,0,"- ","- ",,,"CONTRA COSTA","EL CERRITO",-122.30875432000001,37.91477459
6716403,2014,2015-01-06,0705,2014-10-13,1448,E194,PATRO,1,5,3,0705,0,0,0,,0,010,"STOCKTON AV","LIBERTY ST",36.00,W,N,A,-,N,,,,,,,,,,N,3,0,1,2,A,-,11,21954,A,N,B,B,E,A,H,-,A,A,0,Y,,,,Y,,N,60,0,1,0,0,1,0,0,0,0,"- ","- ",,,"CONTRA COSTA","EL CERRITO",-122.3034796,37.908852670000002
6749250,2014,2016-06-18,0705,2014-11-20,0538,E183,PATRO,4,5,3,0705,0,0,0,,0,011,"CUTTING BL","SAN PABLO AV",8.00,W,N,A,-,Y,CC,4,123,-,-,2.100,I,5,S,N,4,0,1,2,A,-,10,21950,A,N,G,B,B,A,H,-,C,A,0,Y,,,,Y,,-,,0,0,1,0,1,0,0,0,0,"- ","- ",,,"CONTRA COSTA","EL CERRITO",-122.31849922000001,37.925418960000002
6779317,2014,2015-02-13,0705,2014-12-10,1659,E183,PATRO,3,5,3,0705,0,0,0,,0,012,"ARLINGTON BL","THORS BAY RD",3.00,W,N,C,-,N,,,,,,,,,,N,3,0,1,2,A,-,09,21801,A,N,D,G,A,B,H,-,C,D,0,,Y,,,Y,,A,01,0,1,0,0,0,0,1,0,0,"- ","- ",,,"CONTRA COSTA","EL CERRITO",-122.29341579,37.924386849999998
7100529,2015,2015-12-01,0705,2015-10-20,0835,117,,2,5,3,0705,0,0,0,,0,012,"TERRACE DR","ARLINGTON BL",14.00,W,N,A,-,N,,,,,,,,,,N,3,0,1,2,A,-,10,21950,A,N,G,B,B,A,H,-,A,A,0,Y,,,,Y,,A,08,0,1,0,0,1,0,0,0,0,"- ","- ",,,"CONTRA COSTA","EL CERRITO",-122.28661,37.919330000000002
7115475,2015,2015-12-04,0705,2015-10-15,0800,117,TRAFF,4,5,3,0705,0,0,0,,0,011,"BART PATH","MANILA AV",0.00,,Y,A,B,N,,,,,,,,,,N,3,0,1,2,A,-,12,22450,,N,D,G,A,A,H,-,B,A,0,,Y,,,Y,,L,04,0,1,0,0,0,0,1,0,0,"- ","- ",,,"CONTRA COSTA","EL CERRITO",,
7121701,2015,2016-07-19,0705,2015-09-08,1652,E201,PATRO,2,5,3,0705,0,0,0,,0,011,"SAN PABLO AV","OHIO ST",37.00,N,N,A,-,N,,,,,,,,,,Y,3,0,1,2,A,-,08,22107,,N,D,G,A,A,H,-,A,D,0,,Y,,,Y,,A,01,0,1,0,0,0,0,1,0,0,"- ","- ",,,"CONTRA COSTA","EL CERRITO",-122.32188374,37.930368199999997
7129416,2015,2016-08-10,0705,2015-11-09,1846,E187,BAYSU,1,5,3,0705,0,0,0,,0,010,"CENTRAL AV","CARLSON BLVD",5.00,W,N,A,-,N,,,,,,,,,,N,3,0,1,2,A,-,12,21453,A,N,G,B,B,A,H,-,C,A,0,Y,,,,Y,,A,01,0,1,0,0,1,0,0,0,0,"- ","- ",,,"CONTRA COSTA","EL CERRITO",-122.30463708000001,37.901927659999998
7138597,2015,2015-12-23,0705,2015-11-18,1803,E200,,3,5,3,0705,0,0,0,,0,010,"CENTRAL AV","KEARNEY ST",12.00,E,N,A,-,N,,,,,,,,,,N,2,0,2,3,A,-,10,21950,,N,G,B,B,A,H,-,C,D,0,Y,,,,Y,,A,01,1,0,1,0,2,0,0,0,0,"- ","- ",,,"CONTRA COSTA","EL CERRITO",-122.30236094,37.902521350000001
7181348,2016,2016-02-22,0705,2016-01-19,1847,E187,PATRO,2,5,3,0705,0,0,0,,0,010,"CARLSON BL","SAN DIEGO ST",0.00,,Y,B,-,N,,,,,,,,,,N,3,0,1,2,A,-,10,21950,A,N,G,B,B,A,H,-,C,D,0,Y,,,,Y,,A,07,0,1,0,0,1,0,0,0,0,"- ","- ",,,"CONTRA COSTA","EL CERRITO",-122.30404991,37.901119940000001
7183931,2016,2016-02-17,0705,2016-01-22,2000,E183,BAYSU,5,5,3,0705,0,0,0,,0,010,"CENTRAL AV","KEARNEY ST",0.00,,Y,C,-,N,,,,,,,,,,N,3,0,1,2,A,-,10,21950,A,N,G,B,B,B,H,-,C,D,0,Y,,,,Y,,A,01,0,1,0,0,1,0,0,0,0,"- ","- ",,,"CONTRA COSTA","EL CERRITO",-122.30239991000001,37.90250992
7195558,2016,2017-02-09,0705,2016-02-02,1059,E204,PATRO,2,5,3,0705,0,0,0,,0,010,"RT 123","LINCOLN AV",4.00,S,N,A,-,Y,CC,4,123,-,-,0.440,I,5,N,N,4,0,1,2,A,-,05,21650,1,N,D,G,A,A,H,-,A,D,0,,Y,,,Y,,L,04,0,0,1,0,0,0,1,0,0,"- ","- ",,,"CONTRA COSTA","EL CERRITO",-122.30425456,37.904124350000004
7201736,2016,2016-03-05,0705,2016-01-26,1804,E188,PATRO,2,5,3,0705,0,0,0,,0,010,"ASHBURY AV","CENTRAL AV",523.00,N,N,A,-,N,,,,,,,,,,N,4,0,1,2,A,-,11,21954,A,N,G,B,D,A,H,-,C,D,0,Y,,,,Y,,A,01,0,0,1,0,1,0,0,0,0,"- ","- ",,,"CONTRA COSTA","EL CERRITO",-122.29477267999999,37.906300829999999
8022324,2016,2016-04-20,0705,2016-02-29,1805,E182,PATRO,1,5,3,0705,0,0,0,,0,010,"CARLSON BL","SAN DIEGO ST",0.00,,Y,A,-,N,,,,,,,,,,N,3,0,1,2,A,-,12,22450,,N,D,G,A,A,H,-,B,A,0,,Y,,,Y,,L,04,0,1,0,0,0,0,1,0,0,"- ","- ",,,"CONTRA COSTA","EL CERRITO",-122.30404991,37.901119940000001
8030199,2016,2016-05-09,0705,2016-02-29,0750,117,PATRO,1,5,3,0705,0,0,0,,0,012,"ARLINGTON BL","SCENIC ST",649.00,S,N,A,-,N,,,,,,,,,,Y,3,0,1,3,A,-,03,22350,,N,B,B,E,A,H,-,A,D,0,Y,,,Y,Y,,A,08,0,1,0,0,1,0,0,0,0,"- ","- ",,,"CONTRA COSTA","EL CERRITO",-122.30551538,37.929491079999998
8030362,2016,2016-05-02,0705,2016-03-27,1426,E202,,7,5,3,0705,0,0,0,,0,011,"POTRERO AV","EASTSHORE BL",0.00,,Y,A,-,N,,,,,,,,,,N,4,0,1,2,A,-,10,21950,A,F,G,B,B,A,H,-,A,A,0,Y,,,,Y,,A,01,0,0,1,0,1,0,0,0,0,"- ","- ",,,"CONTRA COSTA","EL CERRITO",-122.31739985999999,37.920829879999999
8041720,2016,2017-02-18,0705,2016-04-08,2227,E197,PATRO,5,5,3,0705,0,0,0,,0,010,"RT 123","FAIRMOUNT AV",112.00,N,N,C,-,Y,CC,4,123,-,-,0.200,H,-,N,Y,4,0,1,2,A,-,11,21955,,N,G,B,D,B,H,-,C,A,0,Y,,,,Y,Y,N,60,0,0,1,0,1,0,0,0,0,"- ","- ",,,"CONTRA COSTA","EL CERRITO",-122.30270001,37.900879439999997
8044547,2016,2016-05-26,0705,2016-05-03,0717,134,TRAFF,2,5,3,0705,0,0,0,,0,010,"MOESER LN","BART PATH",0.00,,Y,B,-,N,,,,,,,,,,N,3,0,1,2,A,-,21,22106,,N,D,G,A,A,H,-,A,A,0,,Y,,,Y,,A,07,0,1,0,0,0,0,1,0,0,"- ","- ",,,"CONTRA COSTA","EL CERRITO",,
8086433,2016,2017-02-04,0705,2016-06-19,2225,E204,PATRO,7,5,3,0705,0,0,0,,0,011,"RT 123","HILL ST",496.00,S,N,A,-,Y,CC,4,123,-,-,1.890,H,-,S,N,3,0,1,2,A,-,11,21950,B,N,G,B,D,A,H,-,C,D,0,Y,,,,Y,Y,N,60,0,1,0,0,1,0,0,0,0,"- ","- ",,,"CONTRA COSTA","EL CERRITO",-122.31645195999999,37.92249065
8096997,2016,2017-02-28,0705,2016-07-15,0930,E185,PATRO,5,5,3,0705,0,0,0,,0,011,"SCHMIDT LN","RT 123",0.00,,Y,A,-,Y,CC,4,123,-,-,1.210,I,6,N,,4,0,1,2,A,-,10,21950,A,F,G,B,B,A,H,-,A,A,0,Y,,,,Y,Y,D,22,0,0,1,0,1,0,0,0,0,"- ","- ",,,"CONTRA COSTA","EL CERRITO",-122.31035514,37.9138977
8097051,2016,2016-08-12,0705,2016-07-15,0015,E185,PATRO,5,5,3,0705,0,0,0,,0,011,"BART PATH","HILL ST",0.00,,Y,A,-,N,,,,,,,,,,N,4,0,1,2,A,-,12,22450,A,F,D,G,A,A,H,-,C,A,0,,Y,,,Y,Y,L,04,0,0,1,0,0,0,1,0,0,"- ","- ",,,"CONTRA COSTA","EL CERRITO",,
8097053,2016,2017-03-01,0705,2016-07-02,2310,E183,PATRO,6,5,3,0705,0,0,0,,0,011,"SAN PABLO AV","MOESER LN",0.00,,Y,A,-,Y,CC,4,123,-,-,1.000,I,5,S,N,4,0,1,2,A,-,10,21950,A,N,G,B,B,A,H,-,C,A,0,Y,,,,Y,Y,A,01,0,0,1,0,1,0,0,0,0,"- ","- ",,,"CONTRA COSTA","EL CERRITO",-122.30857768,37.911297939999997
8097534,2016,2016-08-15,0705,2016-07-30,0845,E185,PATRO,6,5,3,0705,0,0,0,,0,011,"EASTSHORE BL","POTRERO AV",10.00,N,N,A,-,N,,,,,,,,,,N,2,0,1,2,A,-,04,21703,,F,C,G,A,A,H,-,A,A,0,,Y,,,Y,,-,99,1,0,0,0,0,0,1,0,0,"- ","- ",,,"CONTRA COSTA","EL CERRITO",-122.31740732,37.92085685
8102282,2016,2017-02-28,0705,2016-07-11,1315,117,PATRO,1,5,3,0705,0,0,0,,0,010,"RT 123","SACRAMENTO AV",16.00,S,N,A,-,Y,CC,4,123,-,-,0.680,I,5,S,N,2,0,1,2,A,-,06,21951,,N,G,B,C,A,H,-,A,D,0,Y,,,,Y,,A,01,1,0,0,0,1,0,0,0,0,"- ","- ",,,"CONTRA COSTA","EL CERRITO",-122.30588985999999,37.907323050000002
8113842,2016,2016-09-08,0705,2016-08-21,0956,185,PATRO,7,5,3,0705,0,0,0,,0,011,"BART PATH","POTRERO AV",0.00,,Y,A,-,N,,,,,,,,,,N,3,0,1,2,A,-,12,22450,A,N,D,G,A,A,H,-,A,A,0,,Y,,,Y,,L,04,0,1,0,0,0,0,1,0,0,"- ","- ",,,"CONTRA COSTA","EL CERRITO",,
8113850,2016,2016-11-19,0705,2016-08-15,1800,E183,PATRO,1,5,3,0705,0,0,0,,0,011,"MOESER LN","ASHBURY AV",0.00,,Y,A,-,N,,,,,,,,,,N,3,0,1,3,A,-,10,21950,A,N,G,B,B,A,H,-,A,D,0,Y,,,,Y,,A,,0,1,0,0,1,0,0,0,0,"- ","- ",,,"CONTRA COSTA","EL CERRITO",-122.30231999999999,37.914069929999997
8114579,2016,2017-02-18,0705,2016-08-05,0835,E185,PATRO,5,5,3,0705,0,0,0,,0,011,"RT 123","POTRERO AV",0.00,,Y,A,-,Y,CC,4,123,-,-,1.750,I,5,S,N,2,0,1,2,A,-,11,21950,B,N,G,B,B,A,H,-,A,A,0,Y,,,,Y,Y,N,60,1,0,0,0,1,0,0,0,0,"- ","- ",,,"CONTRA COSTA","EL CERRITO",-122.31516789,37.920718890000003
8168118,2019,2020-01-08,0705,2019-08-31,2044,E234,PATRO,6,5,3,0705,0,0,0,,0,010,"SAN PABLO AV","STOCKTON AV",176.00,S,N,-,-,Y,CC,4,123,-,-,0.670,H,-,N,N,3,0,1,2,A,-,10,21950,C,N,G,B,C,A,H,-,C,D,0,Y,,Y,,Y,Y,C,02,0,1,0,0,1,0,0,0,0,"- ","- ",37.907680511474609,-122.30621337890625,"CONTRA COSTA","EL CERRITO",-122.30580902099609,37.907199859619141
8176479,2016,2016-12-01,0705,2016-11-08,0750,134,TRAFF,2,5,3,0705,0,0,0,,0,010,"CLAYTON AV","ASHBURY AV",0.00,,Y,A,-,N,,,,,,,,,,N,3,0,1,2,A,-,12,22450,A,N,D,G,A,A,H,-,A,A,0,,Y,,,Y,,L,04,0,1,0,0,0,0,1,0,0,"- ","- ",,,"CONTRA COSTA","EL CERRITO",-122.29757997999999,37.909409940000003
8188250,2016,2016-12-13,0705,2016-11-18,0740,E134,TRAFF,5,5,3,0705,0,0,0,,0,011,"RICHMOND ST","GLADYS AV",8.00,S,N,A,-,N,,,,,,,,,,N,4,0,1,2,A,-,10,21950,A,N,G,B,B,A,H,-,A,A,0,Y,,,,Y,,A,01,0,0,1,0,1,0,0,0,0,"- ","- ",,,"CONTRA COSTA","EL CERRITO",-122.30981651,37.920640800000001
8294703,2016,2017-03-04,0705,2016-12-16,1600,E134,TRAFF,5,5,3,0705,0,0,0,,0,011,"RT 123","CUTTING BL",290.00,S,N,A,-,Y,CC,4,123,-,-,2.050,H,-,N,N,4,0,1,2,A,-,00,21955,A,N,G,B,D,A,H,-,A,D,0,Y,,,,Y,,N,60,0,0,1,0,1,0,0,0,0,"- ","- ",,,"CONTRA COSTA","EL CERRITO",-122.31795606999999,37.924694420000002
8301735,2016,2017-05-22,0705,2016-12-16,1808,E183,PATRO,5,5,3,0705,0,0,0,,0,011,"SAN PABLO AV","POTRERO AV",163.00,N,N,A,-,Y,CC,4,123,-,-,1.780,H,-,S,N,3,0,1,2,A,-,11,21955,,F,G,B,D,A,H,-,C,D,0,Y,,,,Y,Y,N,60,0,1,0,0,1,0,0,0,0,"- ","- ",,,"CONTRA COSTA","EL CERRITO",-122.31544701,37.921095319999999
8310107,2017,2017-12-27,0705,2017-01-03,2014,E208,PATRO,2,5,3,0705,0,0,0,,0,011,"RT 123","WALL AV",10.00,W,N,C,-,N,,,,,,,,,,N,3,0,1,2,A,-,10,21950,A,N,G,B,B,B,H,-,C,A,0,Y,,,,Y,,D,22,0,1,0,0,1,0,0,0,0,"- ","- ",,,"CONTRA COSTA","EL CERRITO",-122.32017517,37.927926859999999
8311001,2017,2018-02-10,0705,2017-01-26,2003,E183,PATRO,4,5,3,0705,0,0,0,,0,011,"RT 123","PORTOLA DR",2.00,N,N,A,-,Y,CC,4,123,-,-,1.110,I,5,S,N,3,0,1,2,A,-,10,21950,A,N,G,B,B,A,H,-,C,D,0,Y,,,,Y,Y,A,01,0,1,0,0,1,0,0,0,0,"- ","- ",,,"CONTRA COSTA","EL CERRITO",-122.30951220999999,37.912664960000001
8330412,2017,2017-04-06,0705,2017-03-22,0937,E134,TRAFF,3,5,3,0705,0,0,0,,0,010,"CARLSON BL","SAN DIEGO ST",8.00,S,N,A,-,N,,,,,,,,,,N,3,0,1,2,A,-,10,21950,A,F,G,B,B,A,H,-,A,D,0,Y,,,,Y,,A,01,0,1,0,0,1,0,0,0,0,"- ","- ",,,"CONTRA COSTA","EL CERRITO",-122.30403809000001,37.901100149999998
8348747,2017,2017-06-28,0705,2017-02-22,1105,134,TRAFF,3,5,3,0705,0,0,0,,0,011,"RT 123","CARLOS AV",25.00,S,N,A,-,Y,ALA,4,123,-,-,1.590,H,-,S,N,4,0,1,3,A,-,17,22517,,N,B,B,E,A,H,-,A,D,0,Y,,,,Y,,N,60,0,0,1,0,1,0,0,0,0,"- ","- ",,,"CONTRA COSTA","EL CERRITO",-122.28524573,37.847363020000003
8348800,2017,2017-06-28,0705,2017-02-28,1732,E200,PATRO,2,5,3,0705,0,0,0,,0,010,"CARLSON BL","SAN PABLO AV",9.00,W,N,A,-,Y,CC,4,123,-,-,0.050,I,6,S,N,3,0,1,2,A,-,17,21208,A,N,H,G,A,A,H,-,B,A,0,,Y,,,Y,,L,04,0,1,0,0,0,0,1,0,0,"- ","- ",,,"CONTRA COSTA","EL CERRITO",-122.30185521,37.899004959999999
8392393,2017,2017-06-20,0705,2017-05-10,1937,E183,PATRO,3,5,3,0705,0,0,0,,0,011,"POTRERO AV","S 53RD ST",0.00,,Y,A,-,N,,,,,,,,,,N,2,0,1,2,A,-,10,21950,A,N,G,B,B,A,H,-,A,D,0,Y,,,,Y,,A,01,1,0,0,0,1,0,0,0,0,"- ","- ",,,"CONTRA COSTA","EL CERRITO",-122.31981992999999,37.920959959999998