CASE_ID,ACCIDENT_YEAR,PROC_DATE,JURIS,COLLISION_DATE,COLLISION_TIME,OFFICER_ID,REPORTING_DISTRICT,DAY_OF_WEEK,CHP_SHIFT,POPULATION,CNTY_CITY_LOC,SPECIAL_COND,BEAT_TYPE,CHP_BEAT_TYPE,CITY_DIVISION_LAPD,CHP_BEAT_CLASS,BEAT_NUMBER,PRIMARY_RD,SECONDARY_RD,DISTANCE,DIRECTION,INTERSECTION,WEATHER_1,WEATHER_2,STATE_HWY_IND,CALTRANS_COUNTY,CALTRANS_DISTRICT,STATE_ROUTE,ROUTE_SUFFIX,POSTMILE_PREFIX,POSTMILE,LOCATION_TYPE,RAMP_INTERSECTION,SIDE_OF_HWY,TOW_AWAY,COLLISION_SEVERITY,NUMBER_KILLED,NUMBER_INJURED,PARTY_COUNT,PRIMARY_COLL_FACTOR,PCF_CODE_OF_VIOL,PCF_VIOL_CATEGORY,PCF_VIOLATION,PCF_VIOL_SUBSECTION,HIT_AND_RUN,TYPE_OF_COLLISION,MVIW,PED_ACTION,ROAD_SURFACE,ROAD_COND_1,ROAD_COND_2,LIGHTING,CONTROL_DEVICE,CHP_ROAD_TYPE,PEDESTRIAN_ACCIDENT,BICYCLE_ACCIDENT,MOTORCYCLE_ACCIDENT,TRUCK_ACCIDENT,NOT_PRIVATE_PROPERTY,ALCOHOL_INVOLVED,STWD_VEHTYPE_AT_FAULT,CHP_VEHTYPE_AT_FAULT,COUNT_SEVERE_INJ,COUNT_VISIBLE_INJ,COUNT_COMPLAINT_PAIN,COUNT_PED_KILLED,COUNT_PED_INJURED,COUNT_BICYCLIST_KILLED,COUNT_BICYCLIST_INJURED,COUNT_MC_KILLED,COUNT_MC_INJURED,PRIMARY_RAMP,SECONDARY_RAMP,LATITUDE,LONGITUDE,COUNTY,CITY,POINT_X,POINT_Y
8392397,2017,2017-06-20,0705,2017-05-16,1513,E187,PATRO,2,5,3,0705,0,0,0,,0,011,"MANILA AV","BART PYLON",29.00,E,N,B,-,N,,,,,,,,,,N,4,0,1,2,A,-,09,21802,A,N,D,G,A,A,H,-,A,A,0,,Y,,,Y,,L,04,0,0,1,0,0,0,1,0,0,"- ","- ",,,"CONTRA COSTA","EL CERRITO",,
8397340,2016,2017-06-26,0705,2016-09-19,0815,E204,PATRO,1,5,3,0705,0,0,0,,0,011,"CYPRESS AV","S 55TH ST",0.00,,Y,A,-,N,,,,,,,,,,N,4,0,1,2,A,-,10,21950,A,N,G,B,D,A,H,-,A,D,0,Y,,,,Y,,A,01,0,0,1,0,1,0,0,0,0,"- ","- ",,,"CONTRA COSTA","EL CERRITO",-122.31833996,37.919609909999998
8397344,2016,2017-06-26,0705,2016-07-20,0515,E188,,3,5,3,0705,0,0,0,,0,012,"KING DR","CONTRA COSTA DR",285.00,S,N,A,-,N,,,,,,,,,,N,2,0,1,1,D,-,00,,,N,H,G,A,A,H,-,D,D,0,,Y,,,Y,,-,"- ",1,0,0,0,0,0,1,0,0,"- ","- ",,,"CONTRA COSTA","EL CERRITO",-122.29610862,37.921694180000003
8409044,2017,2017-07-26,0705,2017-05-05,0820,E185,PATRO,5,5,3,0705,0,0,0,,0,011,"55TH ST","SCHOOL ST",0.00,,Y,A,-,N,,,,,,,,,,N,4,0,1,2,A,-,08,22107,,F,D,G,A,A,H,-,A,D,0,,Y,,,Y,,A,01,0,0,1,0,0,0,1,0,0,"- ","- ",,,"CONTRA COSTA","EL CERRITO",-122.31836994,37.920249939999998
8413250,2017,2018-04-18,0705,2017-06-20,0844,E209,PATRO,2,5,3,0705,0,0,0,,0,010,"SAN PABLO AV","CARLSON BLVD",17.00,S,N,A,-,Y,CC,4,123,-,-,0.040,H,-,S,Y,3,0,2,2,A,-,09,21453,C,N,G,B,F,A,H,-,A,A,0,Y,,,,Y,,A,01,0,1,1,0,1,0,0,0,0,"- ","- ",,,"CONTRA COSTA","EL CERRITO",-122.3017997,37.898887350000003
8420800,2017,2018-03-08,0705,2017-06-25,2113,E214,PATRO,7,5,3,0705,0,0,0,,0,011,"SAN PABLO AV","MOESER LN",9.00,N,N,A,-,Y,CC,4,123,-,-,1.000,I,5,N,N,2,0,1,2,A,-,01,21200,5,N,A,G,A,A,H,-,C,A,0,,Y,,,Y,Y,L,04,1,0,0,0,0,0,1,0,0,"- ","- ",,,"CONTRA COSTA","EL CERRITO",-122.30857768,37.911297939999997
8420942,2017,2018-06-14,0705,2017-07-04,1030,E134,TRAFF,2,5,3,0705,0,0,0,,0,011,"RT 123","BLAKE ST",30.00,S,N,A,-,Y,CC,4,123,-,-,1.820,H,-,N,N,2,0,1,2,A,-,11,21950,B,N,G,B,D,A,H,-,A,D,0,Y,,,,Y,,N,60,1,0,0,0,1,0,0,0,0,"- ","- ",,,"CONTRA COSTA","EL CERRITO",-122.31581869,37.921597259999999
8425496,2017,2017-08-15,0705,2017-07-13,1555,E134,TRAFF,4,5,3,0705,0,0,0,,0,011,"OHLONE GREENWAY","BLAKE ST",0.00,,Y,A,-,N,,,,,,,,,,N,3,0,1,2,A,-,12,22450,A,N,D,G,A,A,H,-,A,A,0,,Y,,,Y,,L,04,0,1,0,0,0,0,1,0,0,"- ","- ",,,"CONTRA COSTA","EL CERRITO",-122.31449782999999,37.9220817
8426838,2017,2017-08-14,0705,2017-06-30,1623,E147,PATRO,5,5,3,0705,0,0,0,,0,010,"CENTRAL AV","OHLONE GREENWAY",0.00,,Y,A,-,N,,,,,,,,,,N,3,0,1,2,A,-,12,22450,A,N,D,G,A,A,H,-,A,A,0,,Y,,,Y,,L,04,0,1,0,0,0,0,1,0,0,"- ","- ",,,"CONTRA COSTA","EL CERRITO",-122.29931474,37.903441489999999
8444708,2017,2017-08-31,0705,2017-07-27,1240,E134,TRAFF,4,5,3,0705,0,0,0,,0,010,"OHLONE GREENWAY","CENTRAL AV",0.00,,Y,A,-,N,,,,,,,,,,N,3,0,1,2,A,-,09,21802,A,N,D,G,A,A,H,-,A,A,0,,Y,,,Y,,L,04,0,1,0,0,0,0,1,0,0,"- ","- ",,,"CONTRA COSTA","EL CERRITO",-122.2995311,37.903358240000003
8444712,2017,2017-08-31,0705,2017-07-06,1824,E201,PATRO,4,5,3,0705,0,0,0,,0,010,"CENTRAL AV","BELMONT AV",7.00,E,N,A,-,N,,,,,,,,,,N,4,0,1,2,A,-,06,21951,,N,G,B,B,A,H,-,A,D,0,Y,,,,Y,,A,01,0,0,1,0,1,0,0,0,0,"- ","- ",,,"CONTRA COSTA","EL CERRITO",-122.30731615000001,37.901503529999999
8464984,2017,2017-10-20,0705,2017-07-13,1739,E214,BAY,4,5,3,0705,0,0,0,,0,010,"CENTRAL AV","KEARNEY ST",0.00,,Y,A,-,N,,,,,,,,,,N,4,0,1,2,A,-,09,21802,A,N,B,G,A,A,H,-,A,D,0,,Y,,,Y,,L,04,0,0,1,0,0,0,1,0,0,"- ","- ",,,"CONTRA COSTA","EL CERRITO",-122.30239991000001,37.90250992
8467464,2017,2017-10-20,0705,2017-08-02,2053,E212,0705,3,5,3,0705,0,0,0,,0,010,"COLUSA AV","LYNN AV",15.00,S,N,A,-,N,,,,,,,,,,N,2,0,1,2,A,-,10,21950,A,N,G,B,B,A,H,-,C,D,0,Y,,,,Y,Y,D,22,1,0,0,0,1,0,0,0,0,"- ","- ",,,"CONTRA COSTA","EL CERRITO",-122.28835925,37.901019679999997
8471890,2017,2018-06-08,0705,2017-07-29,2320,E183,PATRO,6,5,3,0705,0,0,0,,0,011,"SAN PABLO AV","POTRERO AV",180.00,N,N,B,-,Y,CC,4,123,-,-,1.780,H,-,N,N,3,0,1,2,A,-,11,21955,,N,G,B,D,A,H,-,C,D,0,Y,,,,Y,,A,01,0,1,0,0,1,0,0,0,0,"- ","- ",,,"CONTRA COSTA","EL CERRITO",-122.31544701,37.921095319999999
8500329,2017,2017-12-05,0705,2017-10-24,0745,E134,TRAFF,2,5,3,0705,0,0,0,,0,011,"SAN PABLO AV","WALL AV",0.00,,Y,A,-,N,,,,,,,,,,N,3,0,1,2,A,-,09,21801,A,N,D,G,A,A,H,-,A,D,0,,Y,,,Y,,A,01,0,1,0,0,0,0,1,0,0,"- ","- ",,,"CONTRA COSTA","EL CERRITO",-122.32030997,37.927859990000002
8505338,2017,2017-11-30,0705,2017-10-05,1744,E208,BAY,4,5,3,0705,0,0,0,,0,010,"ADAMS ST","CARLSON BL",200.00,S,N,A,-,N,,,,,,,,,,N,3,0,2,3,A,-,21,22106,,N,G,B,F,A,H,-,A,D,0,Y,,,,Y,,A,07,0,1,1,0,2,0,0,0,0,"- ","- ",,,"CONTRA COSTA","EL CERRITO",,
8526099,2017,2018-07-06,0705,2017-11-13,1910,E183,PATRO,1,5,3,0705,0,0,0,,0,010,"SAN PABLO AV","EUREKA AV",0.00,,Y,A,-,Y,CC,4,123,-,-,0.580,I,5,N,N,4,0,1,2,A,-,10,21950,A,F,G,B,B,A,H,-,C,A,0,Y,,,,Y,,A,07,0,0,1,0,1,0,0,0,0,"- ","- ",,,"CONTRA COSTA","EL CERRITO",-122.30515486,37.90602088
8574404,2017,2018-08-08,0705,2017-12-22,1924,E196,PATRO,5,5,3,0705,0,0,0,,0,010,"SAN PABLO AV","LINCOLN AV",7.00,S,N,A,-,Y,CC,4,123,-,-,0.440,I,5,N,N,3,0,1,2,A,-,06,21951,,F,G,B,B,A,H,-,C,A,0,Y,,,,Y,Y,A,01,0,1,0,0,1,0,0,0,0,"- ","- ",,,"CONTRA COSTA","EL CERRITO",-122.30425456,37.904124350000004
8579859,2017,2018-03-21,0705,2017-12-21,1713,E214,PATRO,4,5,3,0705,0,0,0,,0,011,"SAN PABLO AV","KNOTT AV",0.00,,Y,A,-,N,,,,,,,,,,Y,4,0,1,2,A,-,10,21950,A,N,G,B,B,A,H,-,C,A,0,Y,,,,Y,,A,08,0,0,1,0,1,0,0,0,0,"- ","- ",,,"CONTRA COSTA","EL CERRITO",-122.31935987,37.926519910000003
8621368,2018,2018-05-29,0705,2018-03-28,0850,E188,PATRO,3,5,3,0705,0,0,0,,0,010,"CENTRAL AV","OHLONE GREENWAY",0.00,,Y,A,-,N,,,,,,,,,,N,3,0,1,2,A,-,09,21802,,N,D,G,A,A,H,-,A,D,0,,Y,,,Y,,L,04,0,1,0,0,0,0,1,0,0,"- ","- ",,,"CONTRA COSTA","EL CERRITO",-122.299318,37.903440000000003
8634084,2018,2018-06-07,0705,2018-04-24,1430,E221,PATRO,2,5,3,0705,0,0,0,,0,010,"NORVELL ST","EUREKA AV",20.00,S,N,A,-,N,,,,,,,,,,N,3,0,1,2,A,-,05,21650,,N,D,G,A,A,H,-,A,D,0,,Y,,,Y,,L,04,0,1,0,0,0,0,1,0,0,"- ","- ",,,"CONTRA COSTA","EL CERRITO",-122.29884338378906,37.907928466796875
8696052,2018,2018-11-02,0705,2018-07-26,1846,E212,0705,4,5,3,0705,0,0,0,,0,010,"RT 123","COLUMBIA AV",0.00,,Y,A,-,Y,CC,4,123,-,-,0.580,I,5,S,N,3,0,1,2,A,-,09,21802,A,N,D,G,A,A,H,-,A,A,0,,Y,,,Y,,A,01,0,1,0,0,0,0,1,0,0,"- ","- ",,,"CONTRA COSTA","EL CERRITO",-122.30515289306641,37.906021118164062
8783861,2018,2019-01-29,0705,2018-12-11,1801,E188,PATRO,2,5,3,0705,0,0,0,,0,012,"ARLINGTON BL","POTRERO AV",0.00,,N,A,-,N,,,,,,,,,,,3,0,1,2,A,-,10,21950,A,N,G,B,B,A,D,-,C,A,0,Y,,,,Y,,A,01,0,1,0,0,1,0,0,0,0,"- ","- ",,,"CONTRA COSTA","EL CERRITO",-122.30435943603516,37.929729461669922
8801564,2019,2019-11-14,0705,2019-01-10,1852,E196,TRAFF,4,5,3,0705,0,0,0,,0,011,"CUTTING BL","PEERLESS AV",0.00,,Y,A,-,Y,CC,4,123,-,-,2.130,I,5,N,N,2,0,1,2,A,-,10,21950,A,F,G,B,B,A,H,-,C,D,0,Y,,,,Y,,-,99,1,0,0,0,1,0,0,0,0,"- ","- ",,,"CONTRA COSTA","EL CERRITO",-122.31944274902344,37.925411224365234
8844241,2019,2019-06-11,0705,2019-03-06,1810,E212,PATRO,3,5,3,0705,0,0,0,,0,011,"SAN PABLO AV","MADISON AV",21.00,N,N,B,-,Y,CC,4,123,-,-,1.540,I,5,N,N,4,0,1,2,A,-,09,21802,A,N,D,G,A,B,H,-,C,A,0,,Y,,,Y,,L,04,0,0,1,0,0,0,1,0,0,"- ","- ",,,"CONTRA COSTA","EL CERRITO",-122.31327056884766,37.918037414550781
8875502,2019,2019-08-29,0705,2019-04-04,2025,E209,PATRO,4,5,3,0705,0,0,0,,0,010,"SAN PABLO AV","CENTRAL AV",0.00,,Y,A,-,Y,CC,4,123,-,-,0.290,I,5,S,Y,2,0,1,2,A,-,01,23153,A,N,G,B,B,A,H,-,C,A,0,Y,,,,Y,Y,A,01,1,0,0,0,1,0,0,0,0,"- ","- ",37.902229309082031,-122.30335998535156,"CONTRA COSTA","EL CERRITO",-122.30329132080078,37.902091979980469
8913374,2019,2019-10-17,0705,2019-07-10,2134,E214,PATRO,3,5,3,0705,0,0,0,,0,011,"SAN PABLO AV","WALL AV",37.00,S,N,A,-,N,,,,,,,,,,,3,0,1,2,A,-,10,21950,A,N,G,B,B,A,H,-,C,D,0,Y,,,,Y,,A,01,0,1,0,0,1,0,0,0,0,"- ","- ",37.927940368652344,-122.32012176513672,"CONTRA COSTA","EL CERRITO",-122.32024383544922,37.927772521972656
8913710,2019,2019-12-17,0705,2019-07-22,1241,E208,PATRO,1,5,3,0705,0,0,0,,0,010,"SAN PABLO AV","CENTRAL AV",0.00,,Y,A,-,Y,CC,4,123,-,-,0.290,I,6,N,N,3,0,1,2,A,-,10,21950,A,N,G,B,B,A,H,-,A,A,0,Y,,,,Y,,A,01,0,1,0,0,1,0,0,0,0,"- ","- ",37.902198791503906,-122.30329895019531,"CONTRA COSTA","EL CERRITO",-122.30329132080078,37.902091979980469
8939389,2019,2019-11-20,0705,2019-09-25,2112,E184,PATRO,3,5,3,0705,0,0,0,,0,011,"SAN PABLO AV","WALL AV",6.00,S,N,A,-,N,,,,,,,,,,N,1,1,0,2,A,-,10,21950,A,N,G,B,B,A,H,-,C,A,0,Y,,,,Y,Y,D,22,0,0,0,1,0,0,0,0,0,"- ","- ",37.927940368652344,-122.32012176513672,"CONTRA COSTA","EL CERRITO",-122.32029724121094,37.927845001220703
8984382,2019,2020-02-10,0705,2019-10-18,1808,E229,PATRO,5,5,3,0705,0,0,0,,0,011,"SAN PABLO AV","BAYVIEW AV",40.00,S,N,A,-,Y,CC,4,123,-,-,1.360,I,5,S,,3,0,1,2,A,-,11,21456,,N,G,B,B,A,H,-,A,A,0,Y,,,,Y,,N,60,0,1,0,0,1,0,0,0,0,"- ","- ",37.915721893310547,-122.31165313720703,"CONTRA COSTA","EL CERRITO",-122.31166076660156,37.915729522705078
8985964,2019,2020-01-10,0705,2019-10-28,1849,E130,PATRO,1,5,3,0705,0,0,0,,0,012,"KNOTT AV","JUNCTION AV",27.00,W,N,A,-,N,,,,,,,,,,N,3,0,1,2,A,-,08,22107,,N,H,G,A,A,H,-,C,D,0,,Y,,,Y,Y,L,04,0,1,0,0,0,0,1,0,0,"- ","- ",37.92742919921875,-122.31712341308594,"CONTRA COSTA","EL CERRITO",-122.31734466552734,37.927448272705078
9012561,2019,2020-01-03,0705,2019-11-16,1717,E233,PATRO,6,5,3,0705,0,0,0,,0,010,"WALDO AV","NORVELL ST",0.00,,Y,A,-,N,,,,,,,,,,N,2,0,1,2,A,-,10,21950,A,N,G,B,D,A,H,-,B,A,0,Y,,,,Y,,A,01,1,0,0,0,1,0,0,0,0,"- ","- ",37.911811828613281,-122.30169677734375,"CONTRA COSTA","EL CERRITO",-122.30146789550781,37.912101745605469
9020535,2019,2020-01-18,0705,2019-12-11,1642,E201,TRAFF,3,5,3,0705,0,0,0,,0,010,"CENTRAL AV","BART PATH",0.00,,Y,A,-,N,,,,,,,,,,,4,0,1,2,A,-,12,22450,A,N,D,G,A,A,H,-,B,A,0,,Y,,,Y,,L,04,0,0,1,0,0,0,1,0,0,"- ","- ",,,"CONTRA COSTA","EL CERRITO",-122.299357,37.903388999999997
9051328,2019,2020-02-26,0705,2019-12-10,1811,E234,PATRO,2,5,3,0705,0,0,0,,0,011,"RICHMOND ST","GLADYS AV",0.00,,Y,C,-,N,,,,,,,,,,,4,0,1,2,A,-,10,21950,A,N,G,B,B,B,H,-,C,D,0,Y,,,,Y,,A,01,0,0,1,0,1,0,0,0,0,"- ","- ",37.920730590820312,-122.30983734130859,"CONTRA COSTA","EL CERRITO",-122.30982971191406,37.920658111572266
9066260,2020,2020-07-29,0705,2020-04-28,1625,E196,PATRO,2,5,3,0705,0,0,0,,0,010,"CENTRAL AV",BART,0.00,,Y,A,-,N,,,,,,,,,,,3,0,1,2,A,-,12,22450,A,N,D,G,A,A,H,-,A,A,0,,Y,,,Y,,L,04,0,1,0,0,0,0,1,0,0,"- ","- ",37.9033203125,-122.29952239990234,"CONTRA COSTA","EL CERRITO",-122.299521,37.903343
9072266,2020,2020-05-15,0705,2020-01-28,0751,E234,PATRO,2,5,3,0705,0,0,0,,0,010,"LASSEN ST","CARLSON BL",40.00,W,N,B,-,N,,,,,,,,,,,4,0,1,2,A,-,10,21950,A,N,G,B,D,A,H,-,A,D,0,Y,,,,Y,,A,01,0,0,1,0,1,0,0,0,0,"- ","- ",37.899860382080078,-122.30335235595703,"CONTRA COSTA","EL CERRITO",-122.30351257324219,37.899864196777344
90857966,2018,2018-11-12,9370,2018-11-02,1135,022077,,5,1,3,0705,0,1,1,,2,082,"I-80 W/B FROM POTRERO AVENUE","POTRERO AVENUE",20.00,W,N,A,-,Y,,,80,,,,R,,W,N,2,0,1,2,A,-,11,21954,A,N,G,B,E,A,H,-,A,D,0,Y,,,,Y,,N,60,1,0,0,0,1,0,0,0,0,"- ","- ",37.920761108398438,-122.31759643554688,"CONTRA COSTA","EL CERRITO",-122.31759643554688,37.920761108398438
91137346,2019,2019-12-06,9370,2019-11-27,0535,022346,,3,3,3,0705,0,1,1,,2,082,"I-80 W/B FROM POTRERO AVENUE","POTRERO AVENUE",150.00,W,N,B,-,Y,,,80,,,,R,,W,N,3,0,1,2,A,-,11,21954,A,N,G,B,D,A,H,-,D,D,0,Y,,,,Y,Y,N,60,0,1,0,0,1,0,0,0,0,"- ","- ",37.920310974121094,-122.31807708740234,"CONTRA COSTA","EL CERRITO",-122.31807708740234,37.920310974121094
9121981,2020,2020-10-22,0705,2020-06-15,1740,E232,PATRO,1,5,3,0705,0,0,0,,0,011,"CUTTING BL","KEARNEY ST",65.00,E,N,A,-,N,,,,,,,,,,N,3,0,1,2,A,-,08,22107,,N,D,G,A,A,H,-,A,A,0,,Y,,,Y,,L,04,0,1,0,0,0,0,1,0,0,"- ","- ",37.925708770751953,-122.31765747070312,"CONTRA COSTA","EL CERRITO",-122.31753540039062,37.925857543945312
9121985,2020,2020-10-22,0705,2020-06-17,1353,E218,PATRO,3,5,3,0705,0,0,0,,0,011,"OHLONE GREENWAY","MOESER LN",0.00,,Y,A,-,N,,,,,,,,,,N,4,0,1,2,A,-,09,21802,A,N,D,G,A,A,H,-,A,A,0,,Y,,,Y,,L,04,0,0,1,0,0,0,1,0,0,"- ","- ",37.912239074707031,-122.30654144287109,"CONTRA COSTA","EL CERRITO",-122.306607,37.912148999999999
9149413,2020,2020-11-10,0705,2020-08-30,0643,E234,PATRO,7,5,3,0705,0,0,0,,0,012,"CUTTING BL","FAIRVIEW DR",0.00,,Y,B,-,N,,,,,,,,,,N,3,0,1,2,A,-,04,21703,,N,C,G,A,A,H,-,A,D,0,,Y,,,Y,,L,04,0,1,0,0,0,0,1,0,0,"- ","- ",37.92974853515625,-122.31107330322266,"CONTRA COSTA","EL CERRITO",-122.31114959716797,37.929771423339844
9160019,2020,2020-11-19,0705,2020-09-24,1634,E201,TRAFF,4,5,3,0705,0,0,0,,0,010,"FAIRMOUNT AV","BART PATH",12.00,S,N,A,-,N,,,,,,,,,,N,4,0,1,2,A,-,10,21950,A,F,D,G,A,A,H,-,A,A,0,,Y,,,Y,,A,01,0,0,1,0,0,0,1,0,0,"- ","- ",37.901870727539062,-122.29842376708984,"CONTRA COSTA","EL CERRITO",,
9160023,2020,2020-11-19,0705,2020-09-21,1525,E238,PATRO,1,5,3,0705,0,0,0,,0,010,"COLUSA AV","CURRY AV",5.00,N,N,A,-,N,,,,,,,,,,N,3,0,1,2,A,-,10,21950,A,N,G,B,B,A,H,-,A,A,0,Y,,,,Y,,A,01,0,1,0,0,1,0,0,0,0,"- ","- ",37.902870178222656,-122.28855895996094,"CONTRA COSTA","EL CERRITO",-122.28859710693359,37.902862548828125
9160219,2020,2020-11-10,0705,2020-09-04,1457,E207,PATRO,5,5,3,0705,0,0,0,,0,011,"SCHMIDT LN","OHLONE GREENWAY",0.00,,Y,A,-,N,,,,,,,,,,N,3,0,1,2,A,-,12,22450,A,N,D,G,A,A,H,-,A,A,0,,Y,,,Y,,L,04,0,1,0,0,0,0,1,0,0,"- ","- ",37.914840698242188,-122.30873107910156,"CONTRA COSTA","EL CERRITO",-122.30873099999999,37.914841000000003
9217680,2020,2021-02-19,0705,2020-12-09,1330,E201,TRAFF,3,5,3,0705,0,0,0,,0,012,"KEY BL","POLE #3385",30.00,N,N,A,-,N,,,,,,,,,,Y,4,0,1,2,A,-,13,22515,A,N,-,B,E,A,H,-,A,D,0,Y,,,,Y,,A,01,0,0,1,0,1,0,0,0,0,"- ","- ",37.926338195800781,-122.31632995605469,"CONTRA COSTA","EL CERRITO",,
9239957,2021,2021-04-06,0705,2021-02-04,1725,E242,PATRO,4,5,3,0705,0,0,0,,0,011,"CUTTING BL","OHLONE GREENWAY",0.00,,Y,A,-,N,,,,,,,,,,N,3,0,1,2,A,-,12,22450,A,N,D,G,A,A,H,-,A,D,0,,Y,,,Y,,L,04,0,1,0,0,0,0,1,0,0,"- ","- ",37.925899505615234,-122.3172607421875,"CONTRA COSTA","EL CERRITO",-122.317314,37.925970999999997
9255691,2021,2021-05-06,0705,2021-04-02,1542,E240,,5,5,3,0705,0,0,0,,0,011,"POTRERO AV","OHLONE GREENWAY",0.00,,Y,A,-,N,,,,,,,,,,,4,0,1,2,A,-,09,21802,A,N,D,G,A,A,H,-,A,D,0,,Y,,,Y,Y,L,04,0,0,1,0,0,0,1,0,0,"- ","- ",37.920989990234375,-122.31362152099609,"CONTRA COSTA","EL CERRITO",-122.31362300000001,37.921061999999999
9280317,2021,2021-06-28,0705,2021-04-29,1318,E242,PATRO,4,5,3,0705,0,0,0,,0,010,"SAN PABLO AV","EUREKA AV",0.00,,Y,A,-,Y,CC,4,123,-,-,0.580,I,5,N,,3,0,1,2,A,-,08,22107,,N,D,G,A,A,H,-,A,A,0,,Y,,,Y,,A,01,0,1,0,0,0,0,1,0,0,"- ","- ",37.905891418457031,-122.30557250976562,"CONTRA COSTA","EL CERRITO",-122.30515289306641,37.906021118164062
9288539,2021,2021-09-07,0705,2021-06-03,1331,E242,PATRO,4,5,3,0705,0,0,0,,0,010,"CENTRAL AV","OHLONE GREENWAY",0.00,,Y,A,-,N,,,,,,,,,,N,3,0,1,2,A,-,12,22450,A,N,D,G,A,A,H,-,A,A,0,,Y,,,Y,,L,04,0,1,0,0,0,0,1,0,0,"- ","- ",37.903331756591797,-122.29940032958984,"CONTRA COSTA","EL CERRITO",-122.299322,37.903438999999999
9288540,2021,2021-08-31,0705,2021-06-23,1444,E127,PATRO,3,5,3,0705,0,0,0,,0,010,"SANTA CLARA AV","CENTRAL AV",25.00,S,N,A,-,N,,,,,,,,,,N,4,0,1,2,A,-,10,21950,A,N,G,B,D,A,H,-,A,A,0,Y,,,,Y,,A,07,0,0,1,0,1,0,0,0,0,"- ","- ",37.9010009765625,-122.30599975585938,"CONTRA COSTA","EL CERRITO",-122.30652618408203,37.901569366455078
9299700,2021,2021-09-13,0705,2021-07-29,0812,E238,PATRO,4,5,3,0705,0,0,0,,0,011,"SAN PABLO AV","KNOTT AV",8.00,S,N,A,-,N,,,,,,,,,,N,3,0,1,2,A,-,10,21950,A,N,G,B,B,A,H,-,A,A,0,Y,,,,Y,,A,01,0,1,0,0,1,0,0,0,0,"- ","- ",37.926540374755859,-122.31918334960938,"CONTRA COSTA","EL CERRITO",-122.31934356689453,37.926502227783203
9327134,2021,2021-10-14,0705,2021-09-12,2010,E242,PATRO,7,5,3,0705,0,0,0,,0,011,"SAN PABLO AV","WENK AV",128.00,S,N,A,-,N,,,,,,,,,,Y,4,0,2,5,A,-,08,22107,,N,G,B,F,A,H,-,C,A,0,Y,,,Y,Y,,F,26,0,0,2,0,2,0,0,0,0,"- ","- ",37.915519714355469,-122.3115234375,"CONTRA COSTA","EL CERRITO",-122.31134033203125,37.915164947509766