CASE_ID,ACCIDENT_YEAR,PROC_DATE,JURIS,COLLISION_DATE,COLLISION_TIME,OFFICER_ID,REPORTING_DISTRICT,DAY_OF_WEEK,CHP_SHIFT,POPULATION,CNTY_CITY_LOC,SPECIAL_COND,BEAT_TYPE,CHP_BEAT_TYPE,CITY_DIVISION_LAPD,CHP_BEAT_CLASS,BEAT_NUMBER,PRIMARY_RD,SECONDARY_RD,DISTANCE,DIRECTION,INTERSECTION,WEATHER_1,WEATHER_2,STATE_HWY_IND,CALTRANS_COUNTY,CALTRANS_DISTRICT,STATE_ROUTE,ROUTE_SUFFIX,POSTMILE_PREFIX,POSTMILE,LOCATION_TYPE,RAMP_INTERSECTION,SIDE_OF_HWY,TOW_AWAY,COLLISION_SEVERITY,NUMBER_KILLED,NUMBER_INJURED,PARTY_COUNT,PRIMARY_COLL_FACTOR,PCF_CODE_OF_VIOL,PCF_VIOL_CATEGORY,PCF_VIOLATION,PCF_VIOL_SUBSECTION,HIT_AND_RUN,TYPE_OF_COLLISION,MVIW,PED_ACTION,ROAD_SURFACE,ROAD_COND_1,ROAD_COND_2,LIGHTING,CONTROL_DEVICE,CHP_ROAD_TYPE,PEDESTRIAN_ACCIDENT,BICYCLE_ACCIDENT,MOTORCYCLE_ACCIDENT,TRUCK_ACCIDENT,NOT_PRIVATE_PROPERTY,ALCOHOL_INVOLVED,STWD_VEHTYPE_AT_FAULT,CHP_VEHTYPE_AT_FAULT,COUNT_SEVERE_INJ,COUNT_VISIBLE_INJ,COUNT_COMPLAINT_PAIN,COUNT_PED_KILLED,COUNT_PED_INJURED,COUNT_BICYCLIST_KILLED,COUNT_BICYCLIST_INJURED,COUNT_MC_KILLED,COUNT_MC_INJURED,PRIMARY_RAMP,SECONDARY_RAMP,LATITUDE,LONGITUDE,COUNTY,CITY,POINT_X,POINT_Y
9338209,2021,2021-10-20,0705,2021-09-01,1226,E238,PATRO,3,5,3,0705,0,0,0,,0,011,"DONAL AV","RICHMOND ST",9.00,E,N,A,-,N,,,,,,,,,,N,2,0,1,2,A,-,10,21950,A,N,G,B,B,A,H,-,A,A,0,Y,,,,Y,,A,01,1,0,0,0,1,0,0,0,0,"- ","- ",37.918910980224609,-122.30879211425781,"CONTRA COSTA","EL CERRITO",-122.30869293212891,37.919090270996094
9369742,2021,2021-12-21,0705,2021-11-10,1040,E116,PATRO,3,5,3,0705,0,0,0,,0,012,"TERRACE DR","BATES AV",231.00,W,N,A,-,N,,,,,,,,,,N,4,0,1,2,A,-,10,21950,C,N,G,B,E,A,H,-,A,D,0,Y,,,,Y,,A,01,0,0,1,0,1,0,0,0,0,"- ","- ",37.918571472167969,-122.28898620605469,"CONTRA COSTA","EL CERRITO",-122.2890625,37.9180908203125
9383097,2021,2022-01-27,0705,2021-11-29,0800,E140,PATRO,1,5,3,0705,0,0,0,,0,011,"LAWRENCE ST","DONAL AV",2.00,N,N,A,-,N,,,,,,,,,,N,4,0,1,3,A,-,10,21950,A,N,G,B,B,A,H,-,A,D,0,Y,,,,Y,,A,01,0,0,1,0,1,0,0,0,0,"- ","- ",37.920780181884766,-122.30481719970703,"CONTRA COSTA","EL CERRITO",-122.30483245849609,37.920795440673828
9390085,2021,2022-01-14,0705,2021-11-29,0834,E151,PATRO,1,5,3,0705,0,0,0,,0,012,"ARLINGTON BL","THORS BAY RD",0.00,,Y,A,-,N,,,,,,,,,,N,4,0,1,2,A,-,09,21801,A,N,D,G,A,A,H,-,A,D,0,,Y,,,Y,,A,01,0,0,1,0,0,0,1,0,0,"- ","- ",37.924350738525391,-122.29334259033203,"CONTRA COSTA","EL CERRITO",-122.29341125488281,37.924381256103516
9454348,2022,2022-08-02,0705,2022-04-25,1607,E232,PATRO,1,5,3,0705,0,0,0,,0,010,"SAN PABLO AV","MOESER LN",190.00,S,N,A,-,Y,CC,4,123,-,-,0.950,H,-,N,,3,0,1,2,A,-,08,22107,,N,D,G,A,A,H,-,A,D,0,,Y,,,Y,,A,01,0,1,0,0,0,0,1,0,0,"- ","- ",37.911048889160156,-122.30880737304688,"CONTRA COSTA","EL CERRITO",-122.30819702148438,37.910728454589844
9470267,2023,2023-09-21,0705,2023-08-04,1950,E259,PATRO,5,5,3,0705,0,0,0,,0,011,"SAN PABLO AV","WALL AV",155.00,S,N,A,-,N,,,,,,,,,,N,4,0,1,2,B,-,22,,,N,D,G,A,A,H,-,A,A,0,,Y,,,Y,,L,04,0,0,1,0,0,0,1,0,0,"- ","- ",,,"CONTRA COSTA","EL CERRITO",-122.32004547119141,37.927490234375
9498283,2022,2022-10-13,0705,2022-08-08,1323,E182,PATRO,1,5,3,0705,0,0,0,,0,011,"POTRERO AV","S 55TH ST",0.00,,Y,A,-,N,,,,,,,,,,N,2,0,1,2,A,-,05,21650,,N,D,G,A,A,H,-,A,A,0,,Y,,,Y,,L,04,1,0,0,0,0,0,1,0,0,"- ","- ",,,"CONTRA COSTA","EL CERRITO",-122.31838226318359,37.920886993408203
9534444,2023,2023-02-08,0705,2023-01-08,"935 ",E258,PATRO,7,5,3,0705,0,0,0,,0,010,"EUREKA AV","ELM ST",10.00,E,N,B,-,N,,,,,,,,,,,3,0,1,3,A,-,10,21950,A,N,G,B,B,B,H,-,A,D,0,Y,,,,Y,,A,01,0,1,0,0,1,0,0,0,0,"- ","- ",37.907249450683594,-122.30142211914062,"CONTRA COSTA","EL CERRITO",-122.30136108398438,37.907230377197266
9545937,2023,2023-03-01,0705,2023-01-28,1216,E251,PATRO,6,5,3,0705,0,0,0,,0,010,"WALDO AV","OHLONE GREENWAY",0.00,,Y,A,-,N,,,,,,,,,,,3,0,1,2,A,-,12,22450,A,N,D,G,A,A,H,-,A,A,0,,Y,,,Y,,L,04,0,1,0,0,0,0,1,0,0,"- ","- ",37.910541534423828,-122.30522155761719,"CONTRA COSTA","EL CERRITO",-122.305238,37.910477
9554675,2023,2023-03-15,0705,2023-02-11,2305,E246,PATRO,6,5,3,0705,0,0,0,,0,011,"SAN PABLO AV","POTRERO AV",115.00,N,N,A,-,Y,CC,4,123,-,-,1.770,H,-,S,N,2,0,1,2,A,-,11,21955,,N,G,B,D,A,H,-,C,D,0,Y,,,,Y,Y,N,60,1,0,0,0,1,0,0,0,0,"- ","- ",37.920780181884766,-122.31520843505859,"CONTRA COSTA","EL CERRITO",-122.31533813476562,37.920944213867188
9569602,2023,2023-04-20,0705,2023-03-24,"751 ",E246,PATRO,5,5,3,0705,0,0,0,,0,010,"CARLSON BL","CENTRAL AV",567.00,N,N,A,-,N,,,,,,,,,,N,3,0,1,2,A,-,10,21950,A,N,G,B,B,A,H,-,A,D,0,Y,,,,Y,,A,01,0,1,0,0,1,0,0,0,0,"- ","- ",37.901908874511719,-122.30451965332031,"CONTRA COSTA","EL CERRITO",-122.30554962158203,37.903301239013672
9578084,2023,2023-05-08,0705,2023-04-11,1112,E250,PATRO,2,5,3,0705,0,0,0,,0,010,"RICHMOND ST","FAIRMOUNT AV",0.00,,Y,A,-,N,,,,,,,,,,N,4,0,1,2,A,-,10,21950,A,N,G,B,B,A,H,-,A,A,0,Y,,,,Y,,A,01,0,0,1,0,1,0,0,0,0,"- ","- ",37.901981353759766,-122.29804229736328,"CONTRA COSTA","EL CERRITO",-122.2979736328125,37.902050018310547
9582817,2023,2023-06-26,0705,2023-05-17,1353,E250,PATRO,3,5,3,0705,0,0,0,,0,010,"LINCOLN AV","EVERETT ST",0.00,,Y,A,-,N,,,,,,,,,,,3,0,1,3,A,-,12,22450,A,N,G,B,B,A,H,-,A,D,0,Y,,,,Y,,N,60,0,1,0,0,1,0,0,0,0,"- ","- ",37.905948638916016,-122.29888153076172,"CONTRA COSTA","EL CERRITO",-122.29885101318359,37.905895233154297
9584217,2023,2023-05-16,0705,2023-03-15,"831 ",E265,PATRO,3,5,3,0705,0,0,0,,0,011,"SCHMIDT LN","CABRILLO ST",0.00,,Y,-,-,N,,,,,,,,,,N,3,0,1,2,A,-,09,21800,B,N,A,G,A,A,H,-,A,A,0,,Y,,,Y,,A,01,0,1,0,0,0,0,1,0,0,"- ","- ",37.916889190673828,-122.30396270751953,"CONTRA COSTA","EL CERRITO",-122.30396270751953,37.916946411132812
9601262,2023,2023-08-22,0705,2023-07-20,1722,E269,,4,5,3,0705,0,0,0,,0,011,"SAN PABLO AV","CUTTING BL",164.00,S,N,A,-,Y,CC,4,123,-,-,2.070,H,-,N,,3,0,1,2,A,-,11,21955,,N,G,B,D,A,H,-,A,A,0,Y,,Y,,Y,,N,60,0,1,0,0,0,0,0,0,1,"- ","- ",37.925411224365234,-122.31842803955078,"CONTRA COSTA","EL CERRITO",-122.31816864013672,37.924976348876953
9608924,2023,2023-08-30,0705,2023-07-28,1930,E258,PATRO,5,5,3,0705,0,0,0,,0,011,"ELM ST","BLAKE ST W",0.00,,Y,A,-,N,,,,,,,,,,,4,0,1,2,A,-,06,21951,,F,G,B,B,A,H,-,A,D,0,Y,,,,Y,Y,A,01,0,0,1,0,1,0,0,0,0,"- ","- ",37.922981262207031,-122.31246185302734,"CONTRA COSTA","EL CERRITO",-122.3125,37.923004150390625
9624984,2023,2023-09-29,0705,2023-08-28,1317,E250,PATRO,1,5,3,0705,0,0,0,,0,010,"SAN PABLO AV","CARLSON BLVD",147.00,S,N,A,-,Y,CC,4,123,-,-,0.030,H,-,S,N,4,0,1,2,A,-,05,21650,1,N,A,G,A,A,H,-,A,A,0,,Y,,,Y,,L,04,0,0,1,0,0,0,1,0,0,"- ","- ",37.898971557617188,-122.30185699462891,"CONTRA COSTA","EL CERRITO",-122.30178833007812,37.898723602294922
9627069,2023,2023-10-18,0705,2023-09-21,1554,E250,PATRO,4,5,3,0705,0,0,0,,0,011,"CUTTING BL","KEY BL",240.00,W,N,A,-,N,,,,,,,,,,N,2,0,1,2,A,-,10,21950,A,N,D,G,A,A,H,-,A,A,0,,Y,,,Y,,D,82,1,0,0,0,0,0,1,0,0,"- ","- ",37.926471710205078,-122.31649780273438,"CONTRA COSTA","EL CERRITO",-122.31716156005859,37.926044464111328
9627680,2023,2023-10-11,0705,2023-09-01,1926,E258,PATRO,5,5,3,0705,0,0,0,,0,010,"CENTRAL AV","OHLONE GREENWAY",0.00,,Y,A,-,N,,,,,,,,,,N,4,0,1,2,A,-,12,22450,A,N,D,G,A,A,H,-,A,A,0,,Y,,,Y,Y,L,04,0,0,1,0,0,0,1,0,0,"- ","- ",37.903331756591797,-122.29946899414062,"CONTRA COSTA","EL CERRITO",-122.29932100000001,37.903402
9637206,2023,2023-12-12,0705,2023-09-25,1633,E267,PATRO,1,5,3,0705,0,0,0,,0,011,"POTRERO AV","LEXINGTON AV",58.00,E,N,A,-,N,,,,,,,,,,,3,0,1,2,A,-,12,22450,A,N,B,G,A,A,H,-,A,D,0,,Y,,,Y,,L,04,0,1,0,0,0,0,1,0,0,"- ","- ",37.921070098876953,-122.31340789794922,"CONTRA COSTA","EL CERRITO",-122.31320190429688,37.921257019042969
9664770,2024,2024-04-30,0705,2024-02-26,1707,E265,PATRO,1,5,3,0705,0,0,0,,0,011,"POTRERO AV","LIBERTY ST",0.00,,Y,A,-,N,,,,,,,,,,N,3,0,1,2,A,-,05,21460,A,F,G,B,B,A,H,-,A,D,0,Y,,,,Y,,A,07,0,1,0,0,1,0,0,0,0,"- ","- ",37.921531677246094,-122.31253814697266,"CONTRA COSTA","EL CERRITO",-122.31252288818359,37.921562194824219
9676354,2023,2024-03-19,0705,2023-12-07,"741 ",E296,PATRO,4,5,3,0705,0,0,0,,0,011,"KEY BL","KNOTT AV",5.00,S,N,A,-,N,,,,,,,,,,N,2,0,1,2,A,-,10,21950,C,N,G,B,B,B,H,-,A,A,0,Y,,,,Y,,A,01,1,0,0,0,1,0,0,0,0,"- ","- ",37.927219390869141,-122.31757354736328,"CONTRA COSTA","EL CERRITO",-122.31771850585938,37.927242279052734
9693349,2024,2024-06-11,0705,2024-04-17,1715,E246,PATRO,3,5,3,0705,0,0,0,,0,010,"STOCKTON AV","OHLONE GREENWAY",0.00,,Y,A,-,N,,,,,,,,,,N,3,0,1,2,A,-,09,21802,A,N,D,G,A,A,H,-,A,D,0,,Y,,,Y,,L,04,0,1,0,0,0,0,1,0,0,"- ","- ",37.908740997314453,-122.30384063720703,"CONTRA COSTA","EL CERRITO",-122.30382299999999,37.908724999999997
9695387,2024,2024-04-29,0705,2024-01-24,1810,E260,PATRO,3,5,3,0705,0,0,0,,0,010,"CARLSON BL","EL DORADO ST",14.00,S,N,C,-,N,,,,,,,,,,N,4,0,1,2,A,-,10,21950,C,N,G,B,B,B,H,-,C,D,0,Y,,,,Y,,A,01,0,0,1,0,1,0,0,0,0,"- ","- ",37.902999877929688,-122.30500030517578,"CONTRA COSTA","EL CERRITO",-122.30563354492188,37.903427124023438
9696277,2024,2024-05-30,0705,2024-03-22,2146,E275,PATRO,5,5,3,0705,0,0,0,,0,011,"CUTTING BL","SAN PABLO AV",0.00,,Y,C,-,Y,CC,4,123,-,-,2.100,I,5,S,N,2,0,1,2,A,-,10,21950,A,F,G,B,B,B,H,-,C,A,0,Y,,,,Y,,A,07,1,0,0,0,1,0,0,0,0,"- ","- ",37.925411224365234,-122.31842803955078,"CONTRA COSTA","EL CERRITO",-122.31849670410156,37.9254150390625
9699895,2024,2024-06-19,0705,2024-04-28,1238,E251,PATRO,7,5,3,0705,0,0,0,,0,011,"ELM ST","GLADYS AV",0.00,,Y,A,-,N,,,,,,,,,,N,4,0,1,3,A,-,12,22450,A,N,D,G,A,A,H,-,A,A,0,,Y,,,Y,,L,04,0,0,1,0,0,0,1,0,0,"- ","- ",37.920169830322266,-122.31063842773438,"CONTRA COSTA","EL CERRITO",-122.31062316894531,37.920303344726562
9703059,2024,2024-08-09,0705,2024-06-05,1455,E265,,3,5,3,0705,0,0,0,,0,,"ARLINGTON BL","BREWSTER DR",275.00,N,N,A,-,N,,,,,,,,,,N,4,0,1,2,A,-,11,21954,A,N,G,B,E,A,H,-,A,D,0,Y,,,,Y,,N,60,0,0,1,0,1,0,0,0,0,"- ","- ",37.922008514404297,-122.29251098632812,"CONTRA COSTA","EL CERRITO",-122.29677581787109,37.9281005859375
9703175,2024,2024-07-25,0705,2024-05-02,1653,E246,PATRO,4,5,3,0705,0,0,0,,0,012,"KNOTT AV","OHLONE GREENWAY",25.00,S,N,A,-,N,,,,,,,,,,N,4,0,2,2,A,-,09,21802,A,N,D,G,A,A,H,-,A,D,0,,Y,,,Y,,L,04,0,0,2,0,0,0,1,0,0,"- ","- ",37.927131652832031,-122.31822967529297,"CONTRA COSTA","EL CERRITO",,
9705046,2024,2024-07-15,0705,2024-06-01,"919 ",E267,PATRO,6,5,3,0705,0,0,0,,0,010,"SAN PABLO AV","CARLSON BL",0.00,,Y,A,-,Y,CC,4,123,-,-,0.060,I,5,S,N,4,0,1,2,A,-,10,21950,A,N,G,B,B,A,H,-,A,A,0,Y,,,,Y,,D,22,0,0,1,0,1,0,0,0,0,"- ","- ",37.898971557617188,-122.30185699462891,"CONTRA COSTA","EL CERRITO",-122.30191802978516,37.898994445800781
9738838,2024,2024-10-24,0705,2024-09-16,2053,E269,PATRO,1,5,3,0705,0,0,0,,0,011,"RT 80","POTRERO AV",11.00,S,N,A,-,Y,CC,4,80,-,-,1.543,R,4,W,N,4,0,1,2,A,-,09,21453,C,N,G,B,B,A,H,-,C,A,0,Y,,,,Y,,A,01,0,0,1,0,1,0,0,0,0,WO,"- ",,,"CONTRA COSTA","EL CERRITO",-122.31754302978516,37.918560028076172
9748254,2024,2025-01-03,0705,2024-09-30,1746,E267,PATRO,1,5,3,0705,0,0,0,,0,010,"SAN PABLO AV","WALDO AV",0.00,,Y,A,-,Y,CC,4,123,-,-,0.840,I,5,N,N,3,0,1,2,A,-,"- ",,,N,D,G,A,A,H,-,A,A,0,,Y,,,Y,,A,07,0,1,0,0,0,0,1,0,0,"- ","- ",37.909381866455078,-122.30770874023438,"CONTRA COSTA","EL CERRITO",-122.30713653564453,37.909168243408203
9769969,2025,2025-01-23,0705,2025-01-02,"115 ",E260,PATRO,4,5,3,0705,0,0,0,,0,011,"SAN PABLO AV","PORTOLA DR",0.00,,Y,A,-,Y,CC,4,123,-,-,1.110,I,5,S,Y,3,0,1,2,A,-,01,23153,A,N,G,B,D,A,H,-,C,D,0,Y,,,,Y,Y,A,01,0,1,0,0,1,0,0,0,0,"- ","- ",,,"CONTRA COSTA","EL CERRITO",-122.30951690673828,37.912666320800781
9785919,2025,2025-03-06,0705,2025-02-11,1804,E267,PATRO,2,5,3,0705,0,0,0,,0,011,"HILL ST","OHLONE GREENWAY",0.00,,Y,C,-,N,,,,,,,,,,N,3,0,1,2,A,-,10,21950,A,N,G,B,B,B,H,-,C,A,0,Y,,,,Y,,A,07,0,1,0,0,1,0,0,0,0,"- ","- ",37.924079895019531,-122.31594085693359,"CONTRA COSTA","EL CERRITO",-122.315995,37.924171000000001
9785920,2025,2025-03-06,0705,2025-02-13,1953,E267,PATRO,4,5,3,0705,0,0,0,,0,011,"HILL ST","OHLONE GREENWAY",0.00,,Y,C,-,N,,,,,,,,,,N,4,0,1,2,A,-,10,21950,C,N,G,B,D,B,H,-,D,D,0,Y,,,,Y,,A,07,0,0,1,0,1,0,0,0,0,"- ","- ",37.924190521240234,-122.31593322753906,"CONTRA COSTA","EL CERRITO",-122.315933,37.924191
9790406,2025,2025-03-11,0705,2025-02-07,1937,E301,PATRO,5,5,3,0705,0,0,0,,0,010,"CARLSON BLVD","LASSEN ST",15.00,N,N,A,-,N,,,,,,,,,,Y,2,0,1,2,A,-,10,21950,A,N,G,B,B,A,H,-,C,D,0,Y,,,,Y,,A,07,1,0,0,0,1,0,0,0,0,"- ","- ",,,"CONTRA COSTA","EL CERRITO",-122.30339813232422,37.899936676025391
9794475,2025,2025-03-26,0705,2025-02-23,1832,E299,PATRO,7,5,3,0705,0,0,0,,0,010,"SANTA CLARA AV","SAN DIEGO ST",5.00,S,N,A,-,N,,,,,,,,,,N,4,0,1,3,A,-,10,21950,A,N,G,B,B,A,H,-,D,D,0,Y,,,,Y,,A,07,0,0,1,0,1,0,0,0,0,"- ","- ",37.900409698486328,-122.30573272705078,"CONTRA COSTA","EL CERRITO",-122.30573272705078,37.900386810302734
9794476,2025,2025-04-18,0705,2025-02-04,1932,E267,PATRO,2,5,3,0705,0,0,0,,0,010,"MOESER LN","OHLONE GREENWAY",0.00,,Y,A,-,N,,,,,,,,,,N,3,0,1,2,A,-,10,21950,A,N,G,B,B,A,H,-,C,B,0,Y,,,,Y,,A,01,0,1,0,0,1,0,0,0,0,"- ","- ",37.912239074707031,-122.30654144287109,"CONTRA COSTA","EL CERRITO",-122.306577,37.912128000000003
9794606,2025,2025-04-04,0705,2025-01-29,1702,E257,PATRO,3,5,3,0705,0,0,0,,0,011,"CUTTING BL","SAN PABLO AV",0.00,,Y,A,-,N,,,,,,,,,,N,4,0,1,2,A,-,10,21950,A,N,-,B,D,A,H,-,A,A,0,Y,,,,Y,Y,A,01,0,0,1,0,1,0,0,0,0,"- ","- ",37.925411224365234,-122.31842803955078,"CONTRA COSTA","EL CERRITO",-122.31845855712891,37.925449371337891
9806373,2025,2025-05-01,0705,2025-02-26,1341,E265,PATRO,3,5,3,0705,0,0,0,,0,010,"RICHMOND ST","LINCOLN AV",0.00,,Y,A,-,N,,,,,,,,,,N,3,0,2,3,A,-,10,21950,A,N,G,B,B,A,H,-,A,D,0,Y,,,,Y,,A,01,0,1,1,0,2,0,0,0,0,"- ","- ",37.905658721923828,-122.29975891113281,"CONTRA COSTA","EL CERRITO",-122.29969787597656,37.905651092529297
9814397,2025,2025-06-27,0705,2025-05-21,1728,E257,PATRO,3,5,3,0705,0,0,0,,0,012,"ARLINGTON BL","BREWSTER DR",5.00,,N,A,-,N,,,,,,,,,,N,4,0,1,2,A,-,04,21703,,N,C,G,A,A,H,-,A,A,0,,Y,,,Y,,D,22,0,0,1,0,0,0,1,0,0,"- ","- ",37.922008514404297,-122.29251098632812,"CONTRA COSTA","EL CERRITO",-122.29618072509766,37.927513122558594
9814398,2025,2025-06-27,0705,2025-05-07,1725,E232,PATRO,3,5,3,0705,0,0,0,,0,010,"CENTRAL AV","OAK ST",96.00,E,N,A,-,N,,,,,,,,,,N,4,0,1,2,A,-,21,22106,,N,D,G,A,A,H,-,A,A,0,,Y,,,Y,,L,04,0,0,1,0,0,0,1,0,0,"- ","- ",37.903270721435547,-122.29969024658203,"CONTRA COSTA","EL CERRITO",-122.29938507080078,37.903411865234375
9829911,2025,2025-06-30,0705,2025-05-19,"838 ",E301,,1,5,3,0705,0,0,0,,0,,"POTRERO AV","LEXINGTON AV",55.00,W,N,A,-,N,,,,,,,,,,N,4,0,1,2,A,-,12,22450,A,N,B,G,A,A,H,-,A,D,0,,Y,,,Y,,L,04,0,0,1,0,0,0,1,0,0,"- ","- ",37.921180725097656,-122.31340026855469,"CONTRA COSTA","EL CERRITO",-122.31354522705078,37.921108245849609
9867169,2024,2026-02-27,0705,2024-07-10,2328,E259,PATRO,3,5,3,0705,0,0,0,,0,010,"SAN PABLO AV","EL DORADO ST",145.00,S,N,A,-,Y,CC,4,123,-,-,0.440,I,6,S,N,1,1,0,2,A,-,10,21954,B,F,G,B,D,A,H,-,C,D,0,Y,,,,Y,,D,22,0,0,0,1,0,0,0,0,0,"- ","- ",37.904121398925781,-122.30420684814453,"CONTRA COSTA","EL CERRITO",-122.30423736572266,37.904079437255859
9870528,2025,2025-09-17,0705,2025-08-25,1211,E267,PATRO,1,5,3,0705,0,0,0,,0,011,"RICHMOND ST","DONAL AV",0.00,,Y,A,-,N,,,,,,,,,,N,3,0,1,2,A,-,10,21950,A,N,G,B,B,A,H,-,A,A,0,Y,,,,Y,,A,01,0,1,0,0,1,0,0,0,0,"- ","- ",37.918910980224609,-122.30879211425781,"CONTRA COSTA","EL CERRITO",-122.30872344970703,37.919078826904297
9884746,2025,2025-10-23,0705,2025-09-18,1047,E259,PATRO,4,5,3,0705,0,0,0,,0,011,"CUTTING BL","KEY BL",31.00,E,N,A,-,N,,,,,,,,,,N,4,0,1,2,A,-,10,21950,A,N,G,B,C,A,H,-,A,A,0,Y,,,,Y,,A,07,0,0,1,0,1,0,0,0,0,"- ","- ",37.926338195800781,-122.31632995605469,"CONTRA COSTA","EL CERRITO",-122.31636810302734,37.926445007324219
9893774,2025,2026-02-03,0705,2025-11-15,1419,E308,PATRO,6,5,3,0705,0,0,0,,0,010,"SAN PABLO AV","SUTTER AV",53.00,S,N,B,-,Y,CC,4,123,-,-,0.840,I,5,S,N,1,1,0,2,A,-,10,21950,A,N,G,B,B,A,H,-,A,D,0,Y,,,,Y,,A,01,0,0,0,1,0,0,0,0,0,"- ","- ",37.909751892089844,-122.30757141113281,"CONTRA COSTA","EL CERRITO",-122.30713653564453,37.909168243408203
9893867,2025,2026-01-05,0705,2025-11-07,1834,E301,PATRO,5,5,3,0705,0,0,0,,0,011,"SAN PABLO AV","MADISON AV",0.00,,Y,A,-,Y,CC,4,123,-,-,1.540,I,6,S,N,3,0,1,3,A,-,10,21950,A,N,G,B,B,A,H,-,C,A,0,Y,,,,Y,,A,01,0,1,0,0,1,0,0,0,0,"- ","- ",37.918270111083984,-122.31349945068359,"CONTRA COSTA","EL CERRITO",-122.31317901611328,37.917919158935547
9894416,2025,2025-12-10,0705,2025-11-10,"647 ",E265,PATRO,1,5,3,0705,0,0,0,,0,010,"CARLSON BL","CENTRAL AV",7.00,N,N,A,-,N,,,,,,,,,,N,4,0,1,2,A,-,10,21950,A,N,G,B,B,A,H,-,A,A,0,Y,,,,Y,,A,01,0,0,1,0,1,0,0,0,0,"- ","- ",37.9010009765625,-122.30400085449219,"CONTRA COSTA","EL CERRITO",-122.30463409423828,37.901947021484375
9896296,2025,2026-01-22,0705,2025-12-27,1007,E265,PATRO,6,5,3,0705,0,0,0,,0,010,"CENTRAL AV","KEARNEY ST",62.00,E,N,A,-,N,,,,,,,,,,N,3,0,1,2,A,-,17,22517,,N,H,G,A,A,H,-,A,D,0,,Y,,,Y,,A,01,0,1,0,0,0,0,1,0,0,"- ","- ",,,"CONTRA COSTA","EL CERRITO",-122.30220031738281,37.902568817138672
9913525,2025,2026-03-03,0705,2025-10-20,1615,E232,PATRO,1,5,3,0705,0,0,0,,0,011,"SCHMIDT LN","BART PATH",0.00,,Y,A,-,N,,,,,,,,,,N,3,0,1,2,A,-,12,22450,A,N,D,G,A,A,H,-,A,A,0,,Y,,,Y,,L,04,0,1,0,0,0,0,1,0,0,"- ","- ",,,"CONTRA COSTA","EL CERRITO",-122.30873699999999,37.914794999999998